{"count":1,"self":64.124383999999992,"total":121.91487199999999,"children":{"InitializeActuators":{"count":4,"self":0.0020889999999999997,"total":0.0020889999999999997,"children":null},"InitializeSensors":{"count":4,"self":0.012147,"total":0.012147,"children":null},"AgentSendState":{"count":1542,"self":0.015019999999999999,"total":0.19858699999999999,"children":{"CollectObservations":{"count":3084,"self":0.0050999999999999995,"total":0.0050999999999999995,"children":null},"WriteActionMask":{"count":3084,"self":0.002333,"total":0.002333,"children":null},"RequestDecision":{"count":3084,"self":0.17613399999999999,"total":0.17613399999999999,"children":null}}},"DecideAction":{"count":1542,"self":43.031657599999996,"total":56.537169,"children":{"CameraSensor.WriteToTensor":{"count":9252,"self":13.505510399999999,"total":13.505511,"children":null}}},"AgentAct":{"count":1542,"self":1.0393139999999998,"total":1.0393139999999998,"children":null}},"gauges":{"My Behavior.CumulativeReward":{"count":63,"max":47.9869843,"min":-14.293107,"runningAverage":13.7616768,"value":6.66079473,"weightedAverage":6.10826349}},"metadata":{"timer_format_version":"0.1.0","start_time_seconds":"1653874863","unity_version":"2020.3.30f1","command_line_arguments":"\/home\/cordin\/Unity\/Hub\/Editor\/2020.3.30f1\/Editor\/Unity -projectpath \/home\/cordin\/Glovis_Project_test -useHub -hubIPC -cloudEnvironment production -licensingIpc LicenseClient-cordin -hubSessionId 50a9a410-dd80-11ec-a996-57b5ea731edf -accessToken JjZ746sembsucrMt5xbKZ2d76kqNxL7BVM7gaf_GBdQ00df","communication_protocol_version":"1.5.0","com.unity.ml-agents_version":"2.2.1-exp.1","scene_name":"PathPlanning_RL_multi_small","end_time_seconds":"1653874985"}}